file, #v, #vu, #vf, #c-u, #c2, #v2, #c3, #v3, #c4, #v4, #c5, #v5
Benchmarks/Blasted_Real/blasted_case200.cnf, 14, 3, 0, 26, 12, 9, 14, 9, 0, 0, 0, 0
Benchmarks/Blasted_Real/blasted_case206.cnf, 14, 3, 0, 26, 12, 9, 14, 9, 0, 0, 0, 0
Benchmarks/Blasted_Real/blasted_case60.cnf, 15, 3, 0, 23, 10, 9, 13, 10, 0, 0, 0, 0
Benchmarks/V15/s27_new_15_7.cnf, 17, 3, 0, 22, 17, 14, 5, 10, 0, 0, 0, 0
Benchmarks/V3/s27_new_3_2.cnf, 17, 3, 0, 22, 17, 14, 5, 10, 0, 0, 0, 0
Benchmarks/V7/s27_new_7_4.cnf, 17, 3, 0, 22, 17, 14, 5, 10, 0, 0, 0, 0
Benchmarks/V3/s27_3_2.cnf, 20, 3, 0, 30, 22, 17, 8, 15, 0, 0, 0, 0
Benchmarks/V7/s27_7_4.cnf, 24, 7, 0, 30, 22, 17, 8, 15, 0, 0, 0, 0
Benchmarks/Blasted_Real/blasted_case103.cnf, 32, 3, 0, 68, 24, 18, 44, 27, 0, 0, 0, 0
Benchmarks/V15/s27_15_7.cnf, 32, 15, 0, 30, 22, 17, 8, 15, 0, 0, 0, 0
Benchmarks/Blasted_Real/blasted_case102.cnf, 34, 5, 0, 68, 24, 18, 44, 27, 0, 0, 0, 0
Benchmarks/Blasted_Real/blasted_case127.cnf, 36, 3, 0, 80, 44, 28, 36, 27, 0, 0, 0, 0
Benchmarks/Blasted_Real/blasted_case128.cnf, 36, 3, 0, 80, 44, 28, 36, 27, 0, 0, 0, 0
Benchmarks/FeatureModels/FM-3.6.1-refined.cnf, 45, 7, 2, 75, 57, 36, 11, 24, 4, 13, 2, 10
Benchmarks/Blasted_Real/blasted_case28.cnf, 51, 4, 0, 109, 56, 39, 53, 39, 0, 0, 0, 0
Benchmarks/Blasted_Real/blasted_case33.cnf, 51, 4, 0, 109, 56, 39, 53, 39, 0, 0, 0, 0
Benchmarks/Blasted_Real/blasted_case27.cnf, 52, 5, 0, 109, 56, 39, 53, 39, 0, 0, 0, 0
Benchmarks/Blasted_Real/blasted_case32.cnf, 52, 5, 0, 109, 56, 39, 53, 39, 0, 0, 0, 0
Benchmarks/Blasted_Real/blasted_case26.cnf, 53, 6, 0, 109, 56, 39, 53, 39, 0, 0, 0, 0
Benchmarks/Blasted_Real/blasted_case31.cnf, 53, 6, 0, 109, 56, 39, 53, 39, 0, 0, 0, 0
Benchmarks/Blasted_Real/blasted_case134.cnf, 60, 3, 0, 100, 72, 55, 28, 37, 0, 0, 0, 0
Benchmarks/Blasted_Real/blasted_case137.cnf, 60, 3, 0, 100, 72, 55, 28, 37, 0, 0, 0, 0
Benchmarks/Blasted_Real/blasted_case36.cnf, 64, 5, 0, 141, 74, 52, 67, 34, 0, 0, 0, 0
Benchmarks/Blasted_Real/blasted_case24.cnf, 65, 3, 0, 153, 70, 55, 83, 61, 0, 0, 0, 0
Benchmarks/Blasted_Real/blasted_case29.cnf, 65, 3, 0, 153, 70, 55, 83, 61, 0, 0, 0, 0
Benchmarks/tutorial1.sk_1_1.cnf, 67, 66, 1, 0, 0, 0, 0, 0, 0, 0, 0, 0
Benchmarks/Blasted_Real/blasted_case25.cnf, 68, 3, 0, 159, 82, 58, 77, 64, 0, 0, 0, 0
Benchmarks/Blasted_Real/blasted_case30.cnf, 68, 3, 0, 159, 82, 58, 77, 64, 0, 0, 0, 0
Benchmarks/Blasted_Real/blasted_case100.cnf, 72, 3, 0, 130, 82, 64, 48, 52, 0, 0, 0, 0
Benchmarks/Blasted_Real/blasted_case101.cnf, 72, 3, 0, 130, 82, 64, 48, 52, 0, 0, 0, 0
Benchmarks/Blasted_Real/blasted_case17.cnf, 77, 7, 0, 166, 90, 63, 76, 66, 0, 0, 0, 0
Benchmarks/Blasted_Real/blasted_case23.cnf, 77, 7, 0, 166, 90, 63, 76, 66, 0, 0, 0, 0
Benchmarks/Blasted_Real/blasted_case59_1.cnf, 93, 5, 0, 207, 102, 74, 105, 63, 0, 0, 0, 0
Benchmarks/Blasted_Real/blasted_case59.cnf, 93, 5, 0, 207, 102, 74, 105, 63, 0, 0, 0, 0
Benchmarks/Blasted_Real/blasted_case64.cnf, 93, 5, 0, 207, 102, 74, 105, 63, 0, 0, 0, 0
Benchmarks/Blasted_Real/blasted_case58.cnf, 96, 5, 0, 219, 104, 75, 115, 66, 0, 0, 0, 0
Benchmarks/Blasted_Real/blasted_case63.cnf, 96, 5, 0, 219, 104, 75, 115, 66, 0, 0, 0, 0
Benchmarks/Blasted_Real/blasted_case4.cnf, 103, 9, 0, 229, 118, 82, 111, 89, 0, 0, 0, 0
Benchmarks/Blasted_Real/blasted_case11.cnf, 105, 4, 0, 289, 104, 77, 185, 91, 0, 0, 0, 0
Benchmarks/Blasted_Real/blasted_case43.cnf, 116, 3, 0, 357, 102, 73, 255, 105, 0, 0, 0, 0
Benchmarks/Blasted_Real/blasted_case45.cnf, 116, 3, 0, 357, 102, 73, 255, 105, 0, 0, 0, 0
Benchmarks/Blasted_Real/blasted_case7.cnf, 116, 3, 0, 280, 143, 101, 137, 107, 0, 0, 0, 0
Benchmarks/Blasted_Real/blasted_case47.cnf, 118, 4, 0, 260, 137, 101, 123, 107, 0, 0, 0, 0
Benchmarks/Blasted_Real/blasted_case21.cnf, 126, 31, 0, 253, 116, 79, 137, 86, 0, 0, 0, 0
Benchmarks/Blasted_Real/blasted_case22.cnf, 126, 31, 0, 253, 116, 79, 137, 86, 0, 0, 0, 0
Benchmarks/Blasted_Real/blasted_case51.cnf, 132, 3, 0, 341, 188, 112, 153, 111, 0, 0, 0, 0
Benchmarks/Blasted_Real/blasted_case52.cnf, 132, 3, 0, 341, 188, 112, 153, 111, 0, 0, 0, 0
Benchmarks/Blasted_Real/blasted_case53.cnf, 132, 3, 0, 341, 188, 112, 153, 111, 0, 0, 0, 0
Benchmarks/Blasted_Real/blasted_case124.cnf, 133, 4, 0, 284, 167, 118, 117, 105, 0, 0, 0, 0
Benchmarks/Blasted_Real/blasted_case112.cnf, 137, 3, 0, 421, 124, 92, 297, 126, 0, 0, 0, 0
Benchmarks/Blasted_Real/blasted_case38.cnf, 143, 3, 0, 453, 129, 97, 324, 134, 0, 0, 0, 0
Benchmarks/Blasted_Real/blasted_case55.cnf, 149, 4, 0, 371, 192, 119, 179, 126, 0, 0, 0, 0
Benchmarks/Blasted_Real/blasted_case8.cnf, 160, 3, 0, 407, 190, 136, 217, 147, 0, 0, 0, 0
Benchmarks/Blasted_Real/blasted_case105.cnf, 170, 3, 0, 351, 146, 130, 205, 157, 0, 0, 0, 0
Benchmarks/Blasted_Real/blasted_case44.cnf, 173, 3, 0, 568, 139, 100, 429, 163, 0, 0, 0, 0
Benchmarks/Blasted_Real/blasted_case46.cnf, 176, 3, 0, 577, 145, 103, 432, 166, 0, 0, 0, 0
Benchmarks/Blasted_Real/blasted_case5.cnf, 176, 3, 0, 415, 203, 158, 212, 162, 0, 0, 0, 0
Benchmarks/Blasted_Real/blasted_case68.cnf, 178, 5, 0, 451, 202, 144, 249, 164, 0, 0, 0, 0
Benchmarks/Blasted_Real/blasted_case1.cnf, 187, 11, 0, 558, 186, 124, 372, 165, 0, 0, 0, 0
Benchmarks/V3/s344_3_2.cnf, 197, 3, 0, 451, 342, 194, 109, 180, 0, 0, 0, 0
Benchmarks/V3/s349_3_2.cnf, 198, 3, 0, 456, 344, 195, 112, 181, 0, 0, 0, 0
Benchmarks/Blasted_Real/blasted_case201.cnf, 200, 3, 0, 502, 238, 146, 264, 185, 0, 0, 0, 0
Benchmarks/Blasted_Real/blasted_case202.cnf, 200, 3, 0, 502, 238, 146, 264, 185, 0, 0, 0, 0
Benchmarks/Blasted_Real/blasted_case56.cnf, 202, 11, 0, 609, 188, 126, 421, 177, 0, 0, 0, 0
Benchmarks/Blasted_Real/blasted_case54.cnf, 203, 12, 0, 609, 188, 126, 421, 177, 0, 0, 0, 0
Benchmarks/Blasted_Real/blasted_case106.cnf, 204, 4, 0, 418, 208, 162, 210, 159, 0, 0, 0, 0
Benchmarks/Blasted_Real/blasted_case108.cnf, 205, 17, 0, 696, 120, 76, 576, 179, 0, 0, 0, 0
Benchmarks/V3/s298_3_2.cnf, 205, 3, 0, 497, 372, 202, 125, 173, 0, 0, 0, 0
Benchmarks/Blasted_Real/blasted_case133.cnf, 211, 3, 0, 464, 282, 199, 182, 187, 0, 0, 0, 0
Benchmarks/Blasted_Real/blasted_case136.cnf, 211, 3, 0, 464, 282, 199, 182, 187, 0, 0, 0, 0
Benchmarks/Blasted_Real/blasted_case203.cnf, 214, 3, 0, 536, 248, 155, 288, 202, 0, 0, 0, 0
Benchmarks/Blasted_Real/blasted_case204.cnf, 214, 3, 0, 536, 248, 155, 288, 202, 0, 0, 0, 0
Benchmarks/Blasted_Real/blasted_case205.cnf, 214, 3, 0, 536, 248, 155, 288, 202, 0, 0, 0, 0
Benchmarks/V7/s344_7_4.cnf, 215, 7, 0, 519, 354, 201, 165, 194, 0, 0, 0, 0
Benchmarks/V7/s349_7_4.cnf, 216, 7, 0, 524, 356, 202, 168, 195, 0, 0, 0, 0
Benchmarks/Blasted_Real/blasted_case145.cnf, 219, 4, 0, 468, 216, 174, 252, 196, 0, 0, 0, 0
Benchmarks/Blasted_Real/blasted_case146.cnf, 219, 4, 0, 468, 216, 174, 252, 196, 0, 0, 0, 0
Benchmarks/V7/s298_7_4.cnf, 223, 7, 0, 565, 384, 209, 181, 190, 0, 0, 0, 0
Benchmarks/Blasted_Real/blasted_case132.cnf, 236, 7, 0, 582, 272, 207, 310, 226, 0, 0, 0, 0
Benchmarks/Blasted_Real/blasted_case135.cnf, 236, 7, 0, 582, 272, 207, 310, 226, 0, 0, 0, 0
Benchmarks/Blasted_Real/blasted_case_1_b14_1.cnf, 238, 13, 0, 580, 280, 181, 300, 207, 0, 0, 0, 0
Benchmarks/Blasted_Real/blasted_case_2_b14_1.cnf, 238, 13, 0, 580, 280, 181, 300, 207, 0, 0, 0, 0
Benchmarks/Blasted_Real/blasted_case_3_b14_1.cnf, 238, 13, 0, 580, 280, 181, 300, 207, 0, 0, 0, 0
Benchmarks/Blasted_Real/blasted_case109.cnf, 241, 19, 0, 787, 168, 105, 619, 210, 0, 0, 0, 0
Benchmarks/Blasted_Real/blasted_case39.cnf, 245, 3, 0, 563, 244, 201, 319, 222, 0, 0, 0, 0
Benchmarks/Blasted_Real/blasted_case40.cnf, 245, 3, 0, 563, 244, 201, 319, 222, 0, 0, 0, 0
Benchmarks/Blasted_Real/blasted_case41.cnf, 245, 3, 0, 563, 244, 201, 319, 222, 0, 0, 0, 0
Benchmarks/Blasted_Real/blasted_case14.cnf, 247, 3, 0, 541, 255, 204, 286, 240, 0, 0, 0, 0
Benchmarks/V3/s382_3_2.cnf, 263, 3, 0, 622, 474, 260, 148, 217, 0, 0, 0, 0
Benchmarks/Blasted_Real/blasted_case119.cnf, 267, 12, 0, 652, 274, 192, 378, 224, 0, 0, 0, 0
Benchmarks/Blasted_Real/blasted_case123.cnf, 267, 3, 0, 730, 307, 225, 423, 240, 0, 0, 0, 0
Benchmarks/Blasted_Real/blasted_case_1_b14_2.cnf, 270, 32, 0, 604, 316, 197, 288, 202, 0, 0, 0, 0
Benchmarks/Blasted_Real/blasted_case_2_b14_2.cnf, 270, 32, 0, 604, 316, 197, 288, 202, 0, 0, 0, 0
Benchmarks/Blasted_Real/blasted_case_3_b14_2.cnf, 270, 32, 0, 604, 316, 197, 288, 202, 0, 0, 0, 0
Benchmarks/Blasted_Real/blasted_case9.cnf, 279, 20, 0, 579, 285, 219, 294, 255, 0, 0, 0, 0
Benchmarks/V7/s382_7_4.cnf, 281, 7, 0, 690, 486, 267, 204, 234, 0, 0, 0, 0
Benchmarks/Blasted_Real/blasted_case61.cnf, 282, 35, 0, 544, 266, 206, 278, 226, 0, 0, 0, 0
Benchmarks/Blasted_Real/blasted_case120.cnf, 284, 14, 0, 703, 286, 199, 417, 236, 0, 0, 0, 0
Benchmarks/V15/s344_15_7.cnf, 284, 15, 0, 779, 370, 209, 409, 256, 0, 0, 0, 0
Benchmarks/V15/s349_15_7.cnf, 285, 15, 0, 784, 372, 210, 412, 257, 0, 0, 0, 0
Benchmarks/Blasted_Real/blasted_case110.cnf, 287, 3, 0, 972, 237, 197, 735, 277, 0, 0, 0, 0
Benchmarks/Blasted_Real/blasted_case57.cnf, 288, 3, 0, 842, 282, 225, 560, 273, 0, 0, 0, 0
Benchmarks/V3/s444_3_2.cnf, 290, 3, 0, 698, 528, 287, 170, 248, 0, 0, 0, 0
Benchmarks/Blasted_Real/blasted_case121.cnf, 291, 3, 0, 765, 320, 240, 445, 279, 0, 0, 0, 0
Benchmarks/V15/s298_15_7.cnf, 292, 15, 0, 825, 400, 217, 425, 254, 0, 0, 0, 0
Benchmarks/Blasted_Real/blasted_case62.cnf, 291, 3, 0, 847, 286, 228, 561, 275, 0, 0, 0, 0
Benchmarks/Blasted_Real/blasted_case3.cnf, 294, 13, 0, 961, 255, 169, 706, 263, 0, 0, 0, 0
Benchmarks/V3/s420_3_2.cnf, 294, 3, 0, 681, 516, 291, 165, 283, 0, 0, 0, 0
Benchmarks/V3/s420_new1_3_2.cnf, 294, 3, 0, 681, 516, 291, 165, 283, 0, 0, 0, 0
Benchmarks/V3/s420_new_3_2.cnf, 294, 3, 0, 681, 516, 291, 165, 283, 0, 0, 0, 0
Benchmarks/Blasted_Real/blasted_case15.cnf, 296, 3, 0, 666, 281, 232, 385, 288, 0, 0, 0, 0
Benchmarks/Blasted_Real/blasted_case2.cnf, 296, 15, 0, 961, 255, 169, 706, 263, 0, 0, 0, 0
Benchmarks/V3/s510_3_2.cnf, 298, 3, 0, 755, 542, 295, 213, 282, 0, 0, 0, 0
Benchmarks/Blasted_Real/blasted_case126.cnf, 302, 3, 0, 834, 356, 256, 478, 275, 0, 0, 0, 0
Benchmarks/Blasted_Real/blasted_case_1_b14_3.cnf, 304, 44, 0, 649, 370, 235, 279, 196, 0, 0, 0, 0
Benchmarks/Blasted_Real/blasted_case_2_b14_3.cnf, 304, 44, 0, 649, 370, 235, 279, 196, 0, 0, 0, 0
Benchmarks/Blasted_Real/blasted_case_3_b14_3.cnf, 304, 44, 0, 649, 370, 235, 279, 196, 0, 0, 0, 0
Benchmarks/Blasted_Real/blasted_case111.cnf, 306, 3, 0, 1044, 250, 209, 794, 296, 0, 0, 0, 0
Benchmarks/V7/s444_7_4.cnf, 308, 7, 0, 766, 540, 294, 226, 265, 0, 0, 0, 0
Benchmarks/Blasted_Real/blasted_case113.cnf, 309, 3, 0, 1051, 252, 211, 799, 298, 0, 0, 0, 0
Benchmarks/Blasted_Real/blasted_case117.cnf, 309, 3, 0, 1051, 252, 211, 799, 298, 0, 0, 0, 0
Benchmarks/Blasted_Real/blasted_case118.cnf, 309, 3, 0, 1051, 252, 211, 799, 298, 0, 0, 0, 0
Benchmarks/V7/s420_7_4.cnf, 312, 7, 0, 749, 528, 298, 221, 297, 0, 0, 0, 0
Benchmarks/V7/s420_new1_7_4.cnf, 312, 7, 0, 749, 528, 298, 221, 297, 0, 0, 0, 0
Benchmarks/V7/s420_new_7_4.cnf, 312, 7, 0, 749, 528, 298, 221, 297, 0, 0, 0, 0
Benchmarks/polynomial.sk_7_25.cnf, 313, 66, 1, 823, 268, 160, 555, 241, 0, 0, 0, 0
Benchmarks/Blasted_Real/blasted_case122.cnf, 314, 3, 0, 909, 351, 265, 558, 293, 0, 0, 0, 0
Benchmarks/V7/s510_7_4.cnf, 316, 7, 0, 823, 554, 302, 269, 298, 0, 0, 0, 0
Benchmarks/Blasted_Real/blasted_case10.cnf, 328, 20, 0, 704, 311, 247, 393, 303, 0, 0, 0, 0
Benchmarks/Blasted_Real/blasted_case6.cnf, 329, 12, 0, 763, 405, 299, 358, 273, 0, 0, 0, 0
Benchmarks/Blasted_Real/blasted_case_0_b11_1.cnf, 340, 44, 0, 744, 366, 258, 378, 250, 0, 0, 0, 0
Benchmarks/Blasted_Real/blasted_case_1_b11_1.cnf, 340, 44, 0, 744, 366, 258, 378, 250, 0, 0, 0, 0
Benchmarks/V15/s510_15_7.cnf, 340, 15, 0, 903, 570, 310, 333, 314, 0, 0, 0, 0
Benchmarks/V15/s382_15_7.cnf, 350, 15, 0, 950, 502, 275, 448, 298, 0, 0, 0, 0
Benchmarks/V15/s420_new_15_7.cnf, 351, 15, 0, 889, 544, 306, 345, 328, 0, 0, 0, 0
Benchmarks/V3/s526_3_2.cnf, 365, 3, 0, 930, 678, 362, 252, 329, 0, 0, 0, 0
Benchmarks/V15/s420_15_7.cnf, 366, 15, 0, 949, 544, 306, 405, 343, 0, 0, 0, 0
Benchmarks/V15/s420_new1_15_7.cnf, 366, 15, 0, 949, 544, 306, 405, 343, 0, 0, 0, 0
Benchmarks/V3/s526a_3_2.cnf, 366, 3, 0, 931, 680, 363, 251, 329, 0, 0, 0, 0
Benchmarks/registerlesSwap.sk_3_10.cnf, 372, 142, 1, 884, 335, 160, 549, 228, 0, 0, 0, 0
Benchmarks/V15/s444_15_7.cnf, 377, 15, 0, 1026, 556, 302, 470, 327, 0, 0, 0, 0
Benchmarks/V7/s526_7_4.cnf, 383, 7, 0, 998, 690, 369, 308, 345, 0, 0, 0, 0
Benchmarks/V7/s526a_7_4.cnf, 384, 7, 0, 999, 692, 370, 307, 345, 0, 0, 0, 0
Benchmarks/Blasted_Real/blasted_case125.cnf, 393, 4, 0, 1130, 437, 330, 693, 364, 0, 0, 0, 0
Benchmarks/Blasted_Real/blasted_case19.cnf, 397, 11, 0, 938, 499, 358, 439, 348, 0, 0, 0, 0
Benchmarks/Blasted_Real/blasted_case20.cnf, 397, 11, 0, 938, 499, 358, 439, 348, 0, 0, 0, 0
Benchmarks/Blasted_Real/blasted_case35.cnf, 400, 3, 0, 1112, 489, 324, 623, 371, 0, 0, 0, 0
Benchmarks/Blasted_Real/blasted_case34.cnf, 409, 3, 0, 1207, 454, 325, 753, 378, 0, 0, 0, 0
Benchmarks/Blasted_Real/blasted_case_0_b12_1.cnf, 427, 70, 0, 1015, 498, 299, 517, 323, 0, 0, 0, 0
Benchmarks/Blasted_Real/blasted_case143.cnf, 427, 37, 0, 1363, 326, 218, 1037, 384, 0, 0, 0, 0
Benchmarks/Blasted_Real/blasted_case_1_b12_1.cnf, 427, 70, 0, 1015, 498, 299, 517, 323, 0, 0, 0, 0
Benchmarks/Blasted_Real/blasted_case_2_b12_1.cnf, 427, 70, 0, 1015, 498, 299, 517, 323, 0, 0, 0, 0
Benchmarks/Blasted_Real/blasted_case114.cnf, 428, 3, 0, 1444, 362, 293, 1082, 409, 0, 0, 0, 0
Benchmarks/Blasted_Real/blasted_case115.cnf, 428, 3, 0, 1444, 362, 293, 1082, 409, 0, 0, 0, 0
Benchmarks/Blasted_Real/blasted_case131.cnf, 432, 7, 0, 1439, 345, 269, 1094, 389, 0, 0, 0, 0
Benchmarks/Blasted_Real/blasted_case116.cnf, 438, 4, 0, 1462, 380, 302, 1082, 409, 0, 0, 0, 0
Benchmarks/V15/s526_15_7.cnf, 452, 15, 0, 1258, 706, 377, 552, 407, 0, 0, 0, 0
Benchmarks/V15/s526a_15_7.cnf, 453, 15, 0, 1259, 708, 378, 551, 407, 0, 0, 0, 0
Benchmarks/Blasted_Real/blasted_case140.cnf, 488, 4, 0, 1070, 496, 383, 574, 445, 0, 0, 0, 0
Benchmarks/V3/s641_3_2.cnf, 489, 3, 0, 1026, 866, 486, 160, 276, 0, 0, 0, 0
Benchmarks/Blasted_Real/blasted_squaring51.cnf, 496, 3, 0, 1358, 573, 427, 785, 393, 0, 0, 0, 0
Benchmarks/V7/s641_7_4.cnf, 507, 7, 0, 1094, 878, 493, 216, 290, 0, 0, 0, 0
Benchmarks/Blasted_Real/blasted_squaring50.cnf, 500, 3, 0, 1372, 577, 429, 795, 397, 0, 0, 0, 0
Benchmarks/V3/s713_3_2.cnf, 509, 3, 0, 1092, 906, 506, 186, 327, 0, 0, 0, 0
Benchmarks/V3/s953a_3_2.cnf, 515, 3, 23, 1284, 936, 489, 348, 462, 0, 0, 0, 0
Benchmarks/V7/s713_7_4.cnf, 527, 7, 0, 1160, 918, 513, 242, 341, 0, 0, 0, 0
Benchmarks/V7/s953a_7_4.cnf, 533, 7, 23, 1352, 948, 496, 404, 477, 0, 0, 0, 0
Benchmarks/FMEasy/toybox2.cnf, 544, 363, 0, 403, 306, 181, 75, 91, 22, 68, 0, 0
Benchmarks/FMEasy/toybox.cnf, 544, 363, 0, 403, 306, 181, 75, 91, 22, 68, 0, 0
Benchmarks/V15/s641_15_7.cnf, 576, 15, 0, 1354, 894, 501, 460, 354, 0, 0, 0, 0
Benchmarks/Blasted_Real/blasted_case18.cnf, 579, 3, 0, 1628, 606, 480, 1022, 567, 0, 0, 0, 0
Benchmarks/V15/s713_15_7.cnf, 596, 15, 0, 1420, 934, 521, 486, 402, 0, 0, 0, 0
Benchmarks/V3/s820a_3_2.cnf, 598, 3, 0, 1614, 1146, 595, 468, 579, 0, 0, 0, 0
Benchmarks/V3/s838_3_2.cnf, 598, 3, 0, 1401, 1060, 595, 341, 579, 0, 0, 0, 0
Benchmarks/V15/s953a_15_7.cnf, 602, 15, 23, 1612, 964, 504, 648, 541, 0, 0, 0, 0
Benchmarks/V3/s832a_3_2.cnf, 606, 3, 0, 1644, 1162, 603, 482, 591, 0, 0, 0, 0
Benchmarks/V7/s820a_7_4.cnf, 616, 7, 0, 1682, 1158, 602, 524, 595, 0, 0, 0, 0
Benchmarks/V7/s838_7_4.cnf, 616, 7, 0, 1469, 1072, 602, 397, 593, 0, 0, 0, 0
Benchmarks/Blasted_Real/blasted_case107.cnf, 618, 10, 0, 1450, 586, 498, 864, 564, 0, 0, 0, 0
Benchmarks/V7/s832a_7_4.cnf, 624, 7, 0, 1712, 1174, 610, 538, 606, 0, 0, 0, 0
Benchmarks/Blasted_Real/blasted_case130.cnf, 644, 25, 0, 1704, 714, 519, 990, 608, 0, 0, 0, 0
Benchmarks/Blasted_Real/blasted_case214.cnf, 645, 3, 0, 1697, 1036, 595, 661, 565, 0, 0, 0, 0
Benchmarks/Blasted_Real/blasted_case213.cnf, 648, 6, 0, 1697, 1036, 595, 661, 565, 0, 0, 0, 0
Benchmarks/V15/s820a_15_7.cnf, 685, 15, 0, 1942, 1174, 610, 768, 658, 0, 0, 0, 0
Benchmarks/V15/s838_15_7.cnf, 685, 15, 0, 1729, 1088, 610, 641, 654, 0, 0, 0, 0
Benchmarks/FMEasy/axTLS.cnf, 684, 384, 0, 1420, 475, 300, 648, 232, 271, 166, 16, 33
Benchmarks/V3/s1238a_3_2.cnf, 686, 3, 1, 1837, 1304, 682, 533, 666, 0, 0, 0, 0
Benchmarks/V3/s1196a_3_2.cnf, 690, 3, 1, 1792, 1312, 686, 480, 638, 0, 0, 0, 0
Benchmarks/V15/s832a_15_7.cnf, 693, 15, 0, 1972, 1190, 618, 782, 669, 0, 0, 0, 0
Benchmarks/Blasted_Real/blasted_squaring22.cnf, 695, 7, 0, 1799, 1026, 647, 773, 634, 0, 0, 0, 0
Benchmarks/Blasted_Real/blasted_squaring24.cnf, 695, 7, 0, 1799, 1026, 647, 773, 634, 0, 0, 0, 0
Benchmarks/Blasted_Real/blasted_squaring20.cnf, 696, 7, 0, 1806, 1025, 646, 781, 635, 0, 0, 0, 0
Benchmarks/Blasted_Real/blasted_squaring21.cnf, 697, 7, 0, 1809, 1026, 647, 783, 636, 0, 0, 0, 0
Benchmarks/V7/s1238a_7_4.cnf, 704, 7, 1, 1905, 1316, 689, 589, 681, 0, 0, 0, 0
Benchmarks/V7/s1196a_7_4.cnf, 708, 7, 1, 1860, 1324, 693, 536, 654, 0, 0, 0, 0
Benchmarks/Blasted_Real/blasted_squaring23.cnf, 710, 7, 0, 1856, 1035, 656, 821, 649, 0, 0, 0, 0
Benchmarks/GuidanceService2.sk_2_27.cnf, 715, 99, 1, 1822, 1257, 611, 554, 585, 1, 4, 0, 0
Benchmarks/Blasted_Real/blasted_case12.cnf, 737, 35, 0, 2000, 854, 594, 1146, 649, 0, 0, 0, 0
Benchmarks/Blasted_Real/blasted_case144.cnf, 765, 55, 0, 1922, 772, 566, 1150, 679, 0, 0, 0, 0
Benchmarks/V15/s1238a_15_7.cnf, 773, 15, 1, 2165, 1332, 697, 833, 743, 0, 0, 0, 0
Benchmarks/V15/s1196a_15_7.cnf, 777, 15, 1, 2120, 1340, 701, 780, 715, 0, 0, 0, 0
Benchmarks/V3/s1423a_3_2.cnf, 777, 3, 0, 1875, 1368, 774, 507, 722, 0, 0, 0, 0
Benchmarks/V7/s1423a_7_4.cnf, 795, 7, 0, 1943, 1380, 781, 563, 736, 0, 0, 0, 0
Benchmarks/Blasted_Real/blasted_case_0_b14_1.cnf, 812, 14, 0, 2273, 845, 646, 1428, 761, 0, 0, 0, 0
Benchmarks/Blasted_Real/blasted_case207.cnf, 824, 3, 0, 2038, 1150, 674, 888, 785, 0, 0, 0, 0
Benchmarks/Blasted_Real/blasted_case208.cnf, 824, 3, 0, 2038, 1150, 674, 888, 785, 0, 0, 0, 0
Benchmarks/Blasted_Real/blasted_case_0_b12_2.cnf, 827, 204, 0, 1745, 908, 547, 837, 545, 0, 0, 0, 0
Benchmarks/Blasted_Real/blasted_case_1_b12_2.cnf, 827, 204, 0, 1745, 908, 547, 837, 545, 0, 0, 0, 0
Benchmarks/Blasted_Real/blasted_case_2_b12_2.cnf, 827, 204, 0, 1745, 908, 547, 837, 545, 0, 0, 0, 0
Benchmarks/Blasted_Real/blasted_squaring27.cnf, 837, 3, 0, 2434, 1080, 689, 1354, 782, 0, 0, 0, 0
Benchmarks/Blasted_Real/blasted_case50.cnf, 843, 3, 0, 2465, 999, 734, 1466, 803, 0, 0, 0, 0
Benchmarks/Blasted_Real/blasted_case139.cnf, 846, 4, 0, 1875, 890, 666, 985, 706, 0, 0, 0, 0
Benchmarks/Blasted_Real/blasted_squaring25.cnf, 846, 3, 0, 2469, 1085, 694, 1384, 791, 0, 0, 0, 0
Benchmarks/Blasted_Real/blasted_case138.cnf, 849, 8, 0, 2021, 836, 696, 1185, 826, 0, 0, 0, 0
Benchmarks/V3/s1488_3_2.cnf, 854, 3, 0, 2410, 1676, 851, 734, 800, 0, 0, 0, 0
Benchmarks/V15/s1423a_15_7.cnf, 864, 15, 0, 2203, 1396, 789, 807, 797, 0, 0, 0, 0
Benchmarks/Blasted_Real/blasted_case211.cnf, 869, 11, 0, 2560, 1197, 699, 1363, 779, 0, 0, 0, 0
Benchmarks/Blasted_Real/blasted_case210.cnf, 872, 14, 0, 2560, 1197, 699, 1363, 779, 0, 0, 0, 0
Benchmarks/V7/s1488_7_4.cnf, 872, 7, 0, 2478, 1688, 858, 790, 814, 0, 0, 0, 0
Benchmarks/Blasted_Real/blasted_squaring70.cnf, 882, 3, 0, 2340, 1211, 798, 1129, 802, 0, 0, 0, 0
Benchmarks/Blasted_Real/blasted_squaring2.cnf, 885, 3, 0, 2414, 1265, 805, 1149, 836, 0, 0, 0, 0
Benchmarks/Blasted_Real/blasted_squaring3.cnf, 885, 3, 0, 2409, 1268, 807, 1141, 836, 0, 0, 0, 0
Benchmarks/Blasted_Real/blasted_squaring5.cnf, 885, 3, 0, 2409, 1268, 807, 1141, 836, 0, 0, 0, 0
Benchmarks/Blasted_Real/blasted_squaring6.cnf, 885, 3, 0, 2409, 1268, 807, 1141, 836, 0, 0, 0, 0
Benchmarks/Blasted_Real/blasted_squaring1.cnf, 891, 3, 0, 2433, 1271, 810, 1162, 842, 0, 0, 0, 0
Benchmarks/Blasted_Real/blasted_squaring4.cnf, 891, 3, 0, 2435, 1270, 809, 1165, 842, 0, 0, 0, 0
Benchmarks/Blasted_Real/blasted_squaring26.cnf, 894, 3, 0, 2647, 1116, 725, 1531, 839, 0, 0, 0, 0
Benchmarks/Blasted_Real/blasted_case42.cnf, 903, 4, 0, 2430, 962, 725, 1468, 842, 0, 0, 0, 0
Benchmarks/V15/s1488_15_7.cnf, 941, 15, 0, 2738, 1704, 866, 1034, 878, 0, 0, 0, 0
Benchmarks/Blasted_Real/blasted_case_2_ptb_1.cnf, 963, 42, 0, 2523, 1416, 847, 1107, 840, 0, 0, 0, 0
Benchmarks/Blasted_Real/blasted_case_1_ptb_1.cnf, 966, 45, 0, 2523, 1416, 847, 1107, 840, 0, 0, 0, 0
Benchmarks/Blasted_Real/blasted_squaring11.cnf, 966, 3, 0, 2783, 1286, 823, 1497, 918, 0, 0, 0, 0
Benchmarks/GuidanceService.sk_4_27.cnf, 988, 111, 1, 2939, 1954, 872, 957, 871, 2, 5, 0, 0
Benchmarks/tableBasedAddition.sk_240_1024.cnf, 1026, 961, 65, 0, 0, 0, 0, 0, 0, 0, 0, 0
Benchmarks/Blasted_Real/blasted_squaring30.cnf, 1031, 3, 0, 3180, 1291, 805, 1889, 976, 0, 0, 0, 0
Benchmarks/Blasted_Real/blasted_case37.cnf, 1084, 3, 0, 3133, 1006, 862, 2127, 1078, 0, 0, 0, 0
Benchmarks/Blasted_Real/blasted_squaring28.cnf, 1060, 3, 0, 3317, 1295, 809, 2022, 1005, 0, 0, 0, 0
Benchmarks/Blasted_Real/blasted_squaring10.cnf, 1099, 3, 0, 3147, 1512, 964, 1635, 1048, 0, 0, 0, 0
Benchmarks/Blasted_Real/blasted_squaring8.cnf, 1101, 3, 0, 3157, 1512, 964, 1645, 1050, 0, 0, 0, 0
Benchmarks/Blasted_Real/blasted_squaring29.cnf, 1141, 3, 0, 3652, 1328, 846, 2324, 1087, 0, 0, 0, 0
Benchmarks/FeatureModels/am31_sim.cnf, 1165, 33, 0, 2220, 2082, 1132, 130, 147, 6, 18, 2, 6
Benchmarks/FeatureModels/sparc_erc32.cnf, 1168, 33, 0, 2224, 2086, 1135, 130, 147, 6, 18, 2, 6
Benchmarks/FeatureModels/sparc_leon.cnf, 1168, 33, 0, 2224, 2086, 1135, 130, 147, 6, 18, 2, 6
Benchmarks/FeatureModels/sparclite_sim.cnf, 1168, 33, 0, 2224, 2086, 1135, 130, 147, 6, 18, 2, 6
Benchmarks/FeatureModels/calm16_ceb.cnf, 1173, 34, 0, 2242, 2102, 1139, 132, 152, 6, 18, 2, 6
Benchmarks/FeatureModels/calm32_ceb.cnf, 1173, 34, 0, 2242, 2102, 1139, 132, 152, 6, 18, 2, 6
Benchmarks/FeatureModels/tx39_sim.cnf, 1179, 38, 0, 2231, 2093, 1141, 130, 147, 6, 18, 2, 6
Benchmarks/FeatureModels/psim.cnf, 1181, 32, 0, 2248, 2109, 1149, 131, 149, 6, 18, 2, 6
Benchmarks/FeatureModels/h8300h_sim.cnf, 1182, 40, 0, 2238, 2100, 1142, 130, 147, 6, 18, 2, 6
Benchmarks/FeatureModels/h8s_sim.cnf, 1183, 40, 0, 2240, 2102, 1143, 130, 147, 6, 18, 2, 6
Benchmarks/FeatureModels/fads.cnf, 1187, 32, 0, 2261, 2121, 1155, 132, 151, 6, 18, 2, 6
Benchmarks/FeatureModels/sleb.cnf, 1188, 33, 0, 2261, 2123, 1155, 130, 147, 6, 18, 2, 6
Benchmarks/Blasted_Real/blasted_case209.cnf, 1189, 4, 0, 3012, 1954, 1124, 1058, 945, 0, 0, 0, 0
Benchmarks/Blasted_Real/blasted_case212.cnf, 1189, 4, 0, 3012, 1954, 1124, 1058, 945, 0, 0, 0, 0
Benchmarks/FeatureModels/ceb_v850.cnf, 1189, 32, 0, 2279, 2137, 1157, 134, 156, 6, 18, 2, 6
Benchmarks/FeatureModels/stdeval1.cnf, 1190, 32, 0, 2283, 2140, 1158, 134, 153, 7, 22, 2, 6
Benchmarks/FeatureModels/edosk2674.cnf, 1194, 26, 0, 2301, 2152, 1168, 139, 159, 8, 26, 2, 6
Benchmarks/FeatureModels/jmr3904.cnf, 1199, 37, 0, 2281, 2141, 1162, 132, 152, 6, 18, 2, 6
Benchmarks/FeatureModels/h8max.cnf, 1202, 26, 0, 2318, 2166, 1176, 141, 160, 9, 30, 2, 6
Benchmarks/FeatureModels/cma28x.cnf, 1204, 32, 0, 2304, 2162, 1172, 134, 157, 6, 18, 2, 6
Benchmarks/FeatureModels/aki3068net.cnf, 1207, 26, 0, 2326, 2174, 1181, 141, 160, 9, 30, 2, 6
Benchmarks/FeatureModels/atlas_mips64_5kc.cnf, 1209, 27, 0, 2333, 2180, 1182, 143, 165, 8, 26, 2, 6
Benchmarks/FeatureModels/cma230.cnf, 1212, 39, 0, 2336, 2164, 1173, 140, 166, 22, 24, 2, 6
Benchmarks/FeatureModels/aeb.cnf, 1213, 39, 0, 2343, 2168, 1174, 142, 167, 23, 28, 2, 6
Benchmarks/FeatureModels/gps4020.cnf, 1213, 41, 0, 2334, 2161, 1172, 141, 167, 22, 24, 2, 6
Benchmarks/FeatureModels/mpc50.cnf, 1213, 41, 0, 2320, 2150, 1172, 138, 160, 22, 24, 2, 6
Benchmarks/FeatureModels/atlas_mips32_4kc.cnf, 1216, 27, 0, 2345, 2192, 1189, 143, 165, 8, 26, 2, 6
Benchmarks/FeatureModels/skmb91302.cnf, 1217, 34, 0, 2300, 2159, 1183, 133, 153, 6, 18, 2, 6
Benchmarks/FeatureModels/ref4955.cnf, 1218, 37, 0, 2323, 2178, 1181, 136, 158, 7, 22, 2, 6
Benchmarks/FeatureModels/snds.cnf, 1218, 34, 0, 2356, 2178, 1184, 144, 165, 24, 32, 2, 6
Benchmarks/FeatureModels/brutus.cnf, 1221, 42, 0, 2347, 2175, 1179, 140, 167, 22, 24, 2, 6
Benchmarks/FeatureModels/sa1100mm.cnf, 1222, 41, 0, 2352, 2179, 1181, 141, 168, 22, 24, 2, 6
Benchmarks/FeatureModels/prpmc1100.cnf, 1223, 42, 0, 2344, 2171, 1181, 141, 167, 22, 24, 2, 6
Benchmarks/FeatureModels/pid.cnf, 1229, 43, 0, 2366, 2193, 1186, 141, 167, 22, 24, 2, 6
Benchmarks/FeatureModels/mb93093.cnf, 1230, 24, 0, 2353, 2200, 1206, 143, 166, 8, 26, 2, 6
Benchmarks/FeatureModels/asb.cnf, 1231, 37, 0, 2324, 2181, 1194, 135, 158, 6, 18, 2, 6
Benchmarks/FeatureModels/linux.cnf, 1232, 46, 0, 2349, 2176, 1186, 154, 174, 12, 41, 7, 14
Benchmarks/FeatureModels/malta_mips32_4kc.cnf, 1232, 27, 0, 2374, 2210, 1205, 154, 177, 8, 26, 2, 6
Benchmarks/FeatureModels/malta_mips64_5kc.cnf, 1232, 27, 0, 2373, 2209, 1205, 154, 177, 8, 26, 2, 6
Benchmarks/FeatureModels/csb281.cnf, 1233, 13, 0, 2405, 2242, 1220, 151, 173, 10, 33, 2, 6
Benchmarks/FeatureModels/eb42.cnf, 1234, 41, 0, 2369, 2197, 1193, 140, 165, 22, 24, 2, 6
Benchmarks/FeatureModels/mac7100evb.cnf, 1234, 41, 0, 2365, 2193, 1193, 139, 164, 22, 24, 3, 11
Benchmarks/FeatureModels/mace1.cnf, 1234, 41, 0, 2365, 2193, 1193, 139, 164, 22, 24, 3, 11
Benchmarks/FeatureModels/frv400.cnf, 1238, 24, 0, 2366, 2213, 1214, 143, 166, 8, 26, 2, 6
Benchmarks/FeatureModels/eb40.cnf, 1240, 41, 0, 2385, 2210, 1199, 142, 166, 23, 28, 2, 6
Benchmarks/FeatureModels/ts6.cnf, 1240, 20, 0, 2407, 2242, 1220, 155, 178, 8, 26, 2, 6
Benchmarks/FeatureModels/vads.cnf, 1240, 20, 0, 2407, 2242, 1220, 155, 178, 8, 26, 2, 6
Benchmarks/FeatureModels/eb40a.cnf, 1241, 41, 0, 2386, 2211, 1200, 142, 166, 23, 28, 2, 6
Benchmarks/FeatureModels/grg.cnf, 1241, 31, 0, 2403, 2221, 1210, 148, 173, 24, 32, 2, 6
Benchmarks/FeatureModels/jtst.cnf, 1241, 41, 0, 2387, 2212, 1200, 142, 166, 23, 28, 2, 6
Benchmarks/FeatureModels/asb2305.cnf, 1242, 46, 0, 2327, 2184, 1196, 135, 158, 6, 18, 2, 6
Benchmarks/FMEasy/ecos-icse11.cnf, 1244, 23, 0, 2396, 2244, 1221, 141, 159, 9, 30, 2, 6
Benchmarks/FeatureModels/ebsa285.cnf, 1245, 14, 0, 2462, 2266, 1231, 159, 182, 27, 43, 2, 6
Benchmarks/FeatureModels/edb7xxx.cnf, 1246, 36, 0, 2414, 2233, 1210, 147, 171, 24, 32, 2, 6
Benchmarks/FeatureModels/ixdp425.cnf, 1247, 31, 0, 2411, 2230, 1216, 147, 172, 24, 32, 2, 6
Benchmarks/FeatureModels/vrc4373.cnf, 1247, 39, 0, 2343, 2200, 1208, 135, 158, 6, 18, 2, 6
Benchmarks/FeatureModels/pati.cnf, 1248, 32, 0, 2388, 2232, 1216, 147, 167, 7, 22, 2, 6
Benchmarks/FeatureModels/picasso.cnf, 1248, 39, 0, 2406, 2224, 1209, 148, 173, 24, 32, 2, 6
Benchmarks/Blasted_Real/blasted_TR_device_1_linear.cnf, 1249, 123, 0, 3181, 1486, 953, 1695, 1041, 0, 0, 0, 0
Benchmarks/FeatureModels/lpcmt.cnf, 1249, 41, 0, 2397, 2220, 1208, 144, 174, 23, 28, 2, 6
Benchmarks/FeatureModels/mcb2100.cnf, 1249, 41, 0, 2397, 2220, 1208, 144, 174, 23, 28, 2, 6
Benchmarks/FeatureModels/p2106.cnf, 1249, 41, 0, 2397, 2220, 1208, 144, 174, 23, 28, 2, 6
Benchmarks/FeatureModels/uE250.cnf, 1249, 39, 0, 2408, 2226, 1210, 148, 173, 24, 32, 2, 6
Benchmarks/FeatureModels/mb93091.cnf, 1250, 27, 0, 2388, 2229, 1223, 148, 168, 7, 22, 4, 11
Benchmarks/FeatureModels/dreamcast.cnf, 1252, 40, 0, 2389, 2232, 1212, 146, 165, 9, 30, 2, 6
Benchmarks/FeatureModels/stb.cnf, 1252, 35, 0, 2371, 2225, 1217, 137, 159, 7, 22, 2, 6
Benchmarks/FeatureModels/cq7708.cnf, 1238, 44, 0, 2367, 2204, 1194, 154, 162, 6, 18, 2, 6
Benchmarks/FeatureModels/pc_vmWare.cnf, 1255, 25, 0, 2420, 2268, 1230, 141, 159, 9, 30, 2, 6
Benchmarks/FeatureModels/excalibur_arm9.cnf, 1233, 41, 0, 2390, 2184, 1192, 173, 185, 22, 24, 2, 6
Benchmarks/FeatureModels/iq80321.cnf, 1256, 29, 0, 2437, 2255, 1227, 148, 173, 24, 32, 2, 6
Benchmarks/FeatureModels/pc_rltk8139.cnf, 1257, 12, 0, 2454, 2292, 1245, 149, 166, 11, 37, 2, 6
Benchmarks/FeatureModels/ipaq.cnf, 1258, 55, 0, 2402, 2227, 1203, 142, 166, 23, 28, 2, 6
Benchmarks/FeatureModels/iq80310.cnf, 1258, 29, 0, 2438, 2256, 1229, 148, 172, 24, 32, 2, 6
Benchmarks/FeatureModels/npwr.cnf, 1258, 29, 0, 2439, 2257, 1229, 148, 172, 24, 32, 2, 6
Benchmarks/FeatureModels/sh4_202_md.cnf, 1258, 32, 0, 2428, 2267, 1226, 150, 172, 9, 30, 2, 6
Benchmarks/FeatureModels/vrc4375.cnf, 1258, 25, 0, 2397, 2245, 1233, 142, 164, 8, 26, 2, 6
Benchmarks/FeatureModels/integrator_arm7.cnf, 1259, 31, 0, 2446, 2252, 1228, 160, 186, 24, 32, 2, 6
Benchmarks/FeatureModels/pc_i82544.cnf, 1259, 25, 0, 2425, 2273, 1234, 141, 159, 9, 30, 2, 6
Benchmarks/FeatureModels/pc_i82559.cnf, 1259, 25, 0, 2425, 2273, 1234, 141, 159, 9, 30, 2, 6
Benchmarks/FeatureModels/XSEngine.cnf, 1260, 27, 0, 2423, 2242, 1233, 147, 171, 24, 32, 2, 6
Benchmarks/FeatureModels/sh7708.cnf, 1253, 46, 0, 2401, 2231, 1207, 159, 165, 8, 26, 2, 6
Benchmarks/FeatureModels/olpch2294.cnf, 1261, 41, 0, 2421, 2243, 1220, 145, 176, 23, 28, 2, 6
Benchmarks/FeatureModels/refidt334.cnf, 1263, 12, 0, 2437, 2274, 1251, 151, 174, 10, 33, 2, 6
Benchmarks/FeatureModels/aim711.cnf, 1264, 29, 0, 2467, 2284, 1235, 148, 169, 25, 36, 2, 6
Benchmarks/FeatureModels/flexanet.cnf, 1265, 28, 0, 2480, 2289, 1237, 155, 184, 26, 40, 2, 6
Benchmarks/FeatureModels/nano.cnf, 1265, 18, 0, 2489, 2294, 1247, 158, 182, 27, 43, 2, 6
Benchmarks/FeatureModels/assabet.cnf, 1266, 54, 0, 2422, 2241, 1212, 147, 176, 24, 32, 2, 6
Benchmarks/FeatureModels/cme555.cnf, 1266, 32, 0, 2393, 2249, 1234, 135, 154, 7, 22, 2, 6
Benchmarks/FeatureModels/e7t.cnf, 1266, 28, 0, 2430, 2248, 1238, 148, 172, 24, 32, 2, 6
Benchmarks/FeatureModels/ocelot.cnf, 1266, 34, 0, 2392, 2238, 1232, 144, 167, 8, 26, 2, 6
Benchmarks/FeatureModels/cq7750.cnf, 1267, 55, 0, 2360, 2211, 1212, 140, 160, 7, 22, 2, 6
Benchmarks/FeatureModels/ec555.cnf, 1267, 32, 0, 2395, 2251, 1235, 135, 154, 7, 22, 2, 6
Benchmarks/FeatureModels/innovator.cnf, 1256, 27, 0, 2437, 2234, 1229, 168, 178, 24, 32, 2, 6
Benchmarks/FeatureModels/stm3210e_eval.cnf, 1269, 35, 0, 2424, 2273, 1234, 142, 167, 7, 22, 2, 6
Benchmarks/FeatureModels/eb55.cnf, 1270, 48, 0, 2433, 2255, 1222, 144, 171, 24, 32, 2, 6
Benchmarks/FeatureModels/adder.cnf, 1272, 22, 0, 2473, 2318, 1250, 145, 169, 8, 26, 2, 6
Benchmarks/FeatureModels/olpcl2294.cnf, 1273, 28, 0, 2474, 2287, 1245, 152, 182, 25, 36, 2, 6
Benchmarks/FeatureModels/olpce2294.cnf, 1274, 27, 0, 2480, 2293, 1247, 152, 182, 25, 36, 2, 6
Benchmarks/FeatureModels/phycore.cnf, 1274, 41, 0, 2420, 2245, 1233, 142, 166, 23, 28, 2, 6
Benchmarks/FeatureModels/adderII.cnf, 1276, 22, 0, 2478, 2323, 1254, 145, 169, 8, 26, 2, 6
Benchmarks/FeatureModels/cerf.cnf, 1276, 38, 0, 2478, 2288, 1238, 154, 182, 26, 40, 2, 6
Benchmarks/FeatureModels/moab.cnf, 1277, 11, 0, 2513, 2339, 1266, 161, 180, 10, 34, 3, 11
Benchmarks/FeatureModels/pc_usb_d12.cnf, 1281, 39, 0, 2448, 2294, 1242, 144, 167, 7, 22, 2, 6
Benchmarks/FeatureModels/integrator_arm9.cnf, 1267, 30, 0, 2482, 2266, 1237, 181, 193, 24, 32, 2, 6
Benchmarks/Blasted_Real/blasted_TR_b14_1_linear.cnf, 1287, 56, 0, 3424, 1416, 988, 2008, 1188, 0, 0, 0, 0
Benchmarks/FeatureModels/cerfpda.cnf, 1291, 38, 0, 2508, 2318, 1253, 154, 182, 26, 40, 2, 6
Benchmarks/FeatureModels/mbx.cnf, 1295, 22, 0, 2489, 2335, 1273, 144, 167, 8, 26, 2, 6
Benchmarks/FeatureModels/smdk2410.cnf, 1265, 41, 0, 2423, 2229, 1224, 161, 172, 22, 24, 2, 6
Benchmarks/FeatureModels/se7751.cnf, 1295, 41, 0, 2450, 2289, 1254, 149, 167, 10, 34, 2, 6
Benchmarks/FeatureModels/at91sam7sek.cnf, 1296, 60, 0, 2452, 2271, 1236, 148, 179, 23, 28, 2, 6
Benchmarks/FeatureModels/ts1000.cnf, 1297, 20, 0, 2493, 2339, 1277, 144, 167, 8, 26, 2, 6
Benchmarks/FeatureModels/viper.cnf, 1301, 22, 0, 2500, 2346, 1279, 144, 167, 8, 26, 2, 6
Benchmarks/Blasted_Real/blasted_case_1_b14_even.cnf, 1304, 193, 0, 2849, 1668, 1012, 1181, 891, 0, 0, 0, 0
Benchmarks/Blasted_Real/blasted_case_2_b14_even.cnf, 1304, 193, 0, 2849, 1668, 1012, 1181, 891, 0, 0, 0, 0
Benchmarks/Blasted_Real/blasted_case3_b14_even3.cnf, 1304, 193, 0, 2849, 1668, 1012, 1181, 891, 0, 0, 0, 0
Benchmarks/FeatureModels/rattler.cnf, 1311, 9, 0, 2544, 2381, 1302, 151, 173, 10, 33, 2, 6
Benchmarks/Blasted_Real/blasted_case1_b14_even3.cnf, 1318, 193, 0, 2883, 1678, 1021, 1205, 908, 0, 0, 0, 0
Benchmarks/FeatureModels/at91sam7xek.cnf, 1319, 47, 0, 2520, 2330, 1272, 155, 185, 25, 36, 2, 6
Benchmarks/FeatureModels/aaed2000.cnf, 1284, 31, 0, 2486, 2283, 1253, 168, 178, 24, 32, 2, 6
Benchmarks/FeatureModels/m5272c3.cnf, 1323, 31, 0, 2546, 2380, 1292, 153, 183, 11, 33, 2, 6
Benchmarks/FeatureModels/sam7ex256.cnf, 1332, 60, 0, 2520, 2330, 1272, 155, 185, 25, 36, 2, 6
Benchmarks/FeatureModels/phycore229x.cnf, 1360, 75, 0, 2529, 2341, 1285, 153, 182, 25, 36, 2, 6
Benchmarks/IssueServiceImpl.sk_8_30.cnf, 1393, 247, 2, 3982, 2661, 1138, 1267, 1113, 7, 21, 3, 15
Benchmarks/FeatureModels/ea2468.cnf, 1395, 111, 0, 2548, 2357, 1284, 155, 179, 26, 40, 2, 6
Benchmarks/FeatureModels/hs7729pci.cnf, 1298, 32, 0, 2488, 2309, 1266, 166, 171, 10, 34, 2, 6
Benchmarks/Blasted_Real/blasted_squaring9.cnf, 1434, 3, 0, 4350, 1913, 1167, 2437, 1391, 0, 0, 0, 0
Benchmarks/Blasted_Real/blasted_squaring14.cnf, 1458, 3, 0, 4345, 2014, 1228, 2331, 1414, 0, 0, 0, 0
Benchmarks/10.sk_1_46.cnf, 1494, 1121, 14, 1039, 643, 342, 396, 310, 0, 0, 0, 0
Benchmarks/Blasted_Real/blasted_case_0_ptb_1.cnf, 1507, 43, 0, 3838, 2334, 1376, 1504, 1189, 0, 0, 0, 0
Benchmarks/Blasted_Real/blasted_squaring12.cnf, 1507, 3, 0, 4508, 2081, 1260, 2427, 1463, 0, 0, 0, 0
Benchmarks/27.sk_3_32.cnf, 1509, 1064, 11, 1438, 822, 406, 616, 399, 0, 0, 0, 0
Benchmarks/FeatureModels/se77x9.cnf, 1319, 46, 0, 2504, 2336, 1273, 158, 167, 7, 22, 2, 6
Benchmarks/UserServiceImpl.sk_8_32.cnf, 1509, 262, 1, 4241, 2860, 1241, 1308, 1176, 10, 30, 5, 20
Benchmarks/Blasted_Real/blasted_case49.cnf, 1510, 3, 0, 4808, 1536, 1231, 3272, 1472, 0, 0, 0, 0
Benchmarks/Blasted_Real/blasted_case_1_4_b14_even.cnf, 1532, 217, 0, 3377, 1980, 1200, 1397, 1059, 0, 0, 0, 0
Benchmarks/Blasted_Real/blasted_case_3_4_b14_even.cnf, 1532, 217, 0, 3377, 1980, 1200, 1397, 1059, 0, 0, 0, 0
Benchmarks/Blasted_Real/blasted_TR_b14_2_linear.cnf, 1570, 135, 0, 3955, 1752, 1196, 2203, 1325, 0, 0, 0, 0
Benchmarks/Blasted_Real/blasted_squaring16.cnf, 1627, 3, 0, 4961, 2143, 1342, 2818, 1583, 0, 0, 0, 0
Benchmarks/Blasted_Real/blasted_squaring7.cnf, 1628, 3, 0, 5129, 2062, 1261, 3067, 1583, 0, 0, 0, 0
Benchmarks/FMEasy/fiasco.cnf, 1638, 1007, 6, 2775, 1876, 625, 608, 437, 226, 282, 45, 96
Benchmarks/PhaseService.sk_14_27.cnf, 1686, 161, 1, 5409, 3576, 1512, 1759, 1494, 9, 19, 2, 6
Benchmarks/ActivityService.sk_11_27.cnf, 1837, 371, 1, 4858, 3353, 1458, 1438, 1345, 3, 7, 0, 0
Benchmarks/FMEasy/uClinux.cnf, 1850, 1244, 0, 606, 606, 606, 0, 0, 0, 0, 0, 0
Benchmarks/IterationService.sk_12_27.cnf, 1896, 130, 1, 6475, 4212, 1752, 2183, 1758, 4, 14, 1, 5
Benchmarks/Blasted_Real/blasted_TR_b12_1_linear.cnf, 1914, 187, 0, 5416, 2125, 1322, 3291, 1612, 0, 0, 0, 0
Benchmarks/Blasted_Real/blasted_TR_b14_3_linear.cnf, 1942, 214, 0, 4840, 2172, 1451, 2668, 1606, 0, 0, 0, 0
Benchmarks/ActivityService2.sk_10_27.cnf, 1952, 101, 1, 6621, 4241, 1830, 2309, 1842, 5, 15, 1, 5
Benchmarks/Blasted_Real/blasted_TR_ptb_1_linear.cnf, 1969, 60, 0, 5461, 2624, 1654, 2837, 1861, 0, 0, 0, 0
Benchmarks/111.sk_2_36.cnf, 2348, 1173, 11, 3884, 2371, 1126, 1507, 1123, 1, 4, 3, 15
Benchmarks/Blasted_Real/blasted_TR_b12_2_linear.cnf, 2426, 333, 0, 6465, 2671, 1648, 3794, 1927, 0, 0, 0, 0
Benchmarks/Blasted_Real/blasted_TR_device_1_even_linear.cnf, 2447, 366, 0, 5501, 2764, 1846, 2737, 1813, 0, 0, 0, 0
Benchmarks/Blasted_Real/blasted_case142.cnf, 2457, 4, 0, 6762, 2715, 2095, 4047, 2399, 0, 0, 0, 0
Benchmarks/ConcreteActivityService.sk_13_28.cnf, 2481, 108, 1, 8777, 5554, 2345, 3122, 2359, 6, 17, 0, 0
Benchmarks/53.sk_4_32.cnf, 2586, 1107, 10, 4805, 2743, 1351, 2049, 1375, 4, 16, 3, 15
Benchmarks/Blasted_Real/blasted_case_0_b12_even2.cnf, 2669, 243, 0, 7006, 3574, 2118, 3432, 2240, 0, 0, 0, 0
Benchmarks/Blasted_Real/blasted_case_1_b12_even2.cnf, 2669, 243, 0, 7006, 3574, 2118, 3432, 2240, 0, 0, 0, 0
Benchmarks/Blasted_Real/blasted_case_2_b12_even2.cnf, 2669, 243, 0, 7006, 3574, 2118, 3432, 2240, 0, 0, 0, 0
Benchmarks/Blasted_Real/blasted_case_0_b12_even1.cnf, 2681, 243, 0, 7036, 3584, 2127, 3452, 2254, 0, 0, 0, 0
Benchmarks/Blasted_Real/blasted_case_1_b12_even1.cnf, 2681, 243, 0, 7036, 3584, 2127, 3452, 2254, 0, 0, 0, 0
Benchmarks/Blasted_Real/blasted_case_2_b12_even1.cnf, 2681, 243, 0, 7036, 3584, 2127, 3452, 2254, 0, 0, 0, 0
Benchmarks/Blasted_Real/blasted_case_2_ptb_2.cnf, 2848, 181, 0, 7951, 3880, 2343, 4071, 2516, 0, 0, 0, 0
Benchmarks/Blasted_Real/blasted_case_1_ptb_2.cnf, 2851, 184, 0, 7951, 3880, 2343, 4071, 2516, 0, 0, 0, 0
Benchmarks/55.sk_3_46.cnf, 3128, 2022, 17, 3523, 2206, 1054, 1311, 1013, 1, 4, 3, 15
Benchmarks/ProjectService3.sk_12_55.cnf, 3175, 271, 1, 10605, 6704, 2775, 3772, 2831, 3, 10, 1, 5
Benchmarks/Blasted_Real/blasted_case_0_ptb_2.cnf, 3391, 181, 0, 9266, 4798, 2872, 4468, 2864, 0, 0, 0, 0
Benchmarks/109.sk_4_36.cnf, 3565, 1803, 11, 5995, 3295, 1660, 2697, 1693, 0, 0, 2, 10
Benchmarks/NotificationServiceImpl2.sk_10_36.cnf, 3540, 344, 3, 12330, 7671, 3110, 4494, 3132, 20, 72, 33, 142
Benchmarks/V3/s5378a_3_2.cnf, 3679, 3, 0, 8359, 6926, 3676, 1433, 2454, 0, 0, 0, 0
Benchmarks/Blasted_Real/blasted_case104.cnf, 3666, 50, 0, 10493, 4428, 3181, 6065, 3567, 0, 0, 0, 0
Benchmarks/V7/s5378a_7_4.cnf, 3697, 7, 0, 8427, 6938, 3683, 1489, 2469, 0, 0, 0, 0
Benchmarks/V15/s5378a_15_7.cnf, 3766, 15, 0, 8687, 6954, 3691, 1733, 2530, 0, 0, 0, 0
Benchmarks/51.sk_4_38.cnf, 3708, 1910, 9, 6022, 3393, 1707, 2626, 1678, 1, 4, 2, 10
Benchmarks/32.sk_4_38.cnf, 3834, 2857, 13, 2847, 2007, 952, 840, 858, 0, 0, 0, 0
Benchmarks/Blasted_Real/blasted_TR_ptb_2_linear.cnf, 3857, 199, 0, 10904, 5088, 3150, 5816, 3507, 0, 0, 0, 0
Benchmarks/Blasted_Real/blasted_case141.cnf, 4155, 400, 0, 10253, 4560, 3526, 5693, 3591, 0, 0, 0, 0
Benchmarks/Blasted_Real/blasted_case_0_b12_even3.cnf, 4157, 311, 0, 11058, 5574, 3329, 5484, 3569, 0, 0, 0, 0
Benchmarks/Blasted_Real/blasted_case_1_b12_even3.cnf, 4157, 311, 0, 11058, 5574, 3329, 5484, 3569, 0, 0, 0, 0
Benchmarks/Blasted_Real/blasted_case_2_b12_even3.cnf, 4157, 311, 0, 11058, 5574, 3329, 5484, 3569, 0, 0, 0, 0
Benchmarks/Blasted_Real/blasted_squaring40.cnf, 4173, 3, 0, 11639, 5695, 3765, 5944, 4004, 0, 0, 0, 0
Benchmarks/Blasted_Real/blasted_squaring42.cnf, 4173, 3, 0, 11639, 5695, 3765, 5944, 4004, 0, 0, 0, 0
Benchmarks/Blasted_Real/blasted_squaring41.cnf, 4185, 3, 0, 11699, 5695, 3765, 6004, 4016, 0, 0, 0, 0
Benchmarks/70.sk_3_40.cnf, 4670, 658, 6, 13579, 8239, 3861, 5328, 3949, 4, 16, 6, 30
Benchmarks/ProcessBean.sk_8_64.cnf, 4768, 1485, 1, 11829, 7604, 3161, 4060, 3159, 18, 40, 10, 30
Benchmarks/35.sk_3_52.cnf, 4915, 4401, 25, 1243, 956, 489, 287, 376, 0, 0, 0, 0
Benchmarks/56.sk_6_38.cnf, 4842, 2950, 9, 6248, 3465, 1800, 2783, 1776, 0, 0, 0, 0
Benchmarks/Blasted_Real/blasted_squaring60.cnf, 5186, 3, 0, 14728, 7364, 4729, 7364, 4973, 0, 0, 0, 0
Benchmarks/80.sk_2_48.cnf, 4969, 650, 6, 14806, 8608, 4057, 6185, 4264, 5, 20, 6, 30
Benchmarks/79.sk_4_40.cnf, 5707, 4742, 6, 2779, 1962, 944, 788, 742, 3, 12, 1, 5
Benchmarks/71.sk_3_65.cnf, 5670, 2356, 15, 11604, 5845, 2896, 5727, 2937, 8, 24, 7, 35
Benchmarks/V3/s9234a_3_2.cnf, 6295, 3, 0, 14466, 12092, 6292, 2374, 3710, 0, 0, 0, 0
Benchmarks/V7/s9234a_7_4.cnf, 6313, 7, 0, 14534, 12104, 6299, 2430, 3724, 0, 0, 0, 0
Benchmarks/V15/s9234a_15_7.cnf, 6382, 15, 0, 14794, 12120, 6307, 2674, 3785, 0, 0, 0, 0
Benchmarks/7.sk_4_50.cnf, 6683, 1362, 11, 18236, 10458, 4938, 7743, 5077, 2, 8, 12, 60
Benchmarks/FMEasy/busybox-1.18.0.cnf, 6796, 3951, 0, 9434, 5497, 2845, 2774, 1883, 907, 1409, 141, 202
Benchmarks/doublyLinkedList.sk_8_37.cnf, 6890, 356, 1, 26483, 10494, 5645, 15689, 6516, 37, 95, 138, 690
Benchmarks/57.sk_4_64.cnf, 6917, 3861, 25, 9805, 6560, 2921, 3197, 2727, 2, 8, 7, 28
Benchmarks/19.sk_3_48.cnf, 6993, 581, 9, 22313, 12607, 6153, 9697, 6373, 2, 8, 4, 20
Benchmarks/63.sk_3_64.cnf, 7242, 1047, 5, 20761, 12348, 5968, 8404, 6121, 2, 8, 4, 20
Benchmarks/Pollard.sk_1_10.cnf, 7815, 187, 1, 40939, 5546, 2624, 35362, 7625, 11, 44, 0, 0
Benchmarks/36.sk_3_77.cnf, 8047, 2436, 10, 18501, 10028, 5304, 8452, 5436, 1, 4, 4, 20
Benchmarks/LoginService.sk_20_34.cnf, 8200, 1561, 1, 24372, 15039, 6478, 9017, 6467, 33, 71, 44, 182
Benchmarks/Blasted_Real/blasted_TR_b12_even2_linear.cnf, 8633, 511, 0, 24370, 11171, 6907, 13199, 7873, 0, 0, 0, 0
Benchmarks/Blasted_Real/blasted_TR_b12_even3_linear.cnf, 8633, 511, 0, 24370, 11171, 6907, 13199, 7873, 0, 0, 0, 0
Benchmarks/Blasted_Real/blasted_TR_b12_even7_linear.cnf, 8633, 511, 0, 24370, 11171, 6907, 13199, 7873, 0, 0, 0, 0
Benchmarks/Blasted_Real/blasted_TR_b14_even3_linear.cnf, 8809, 696, 0, 23571, 11236, 7048, 12335, 7682, 0, 0, 0, 0
Benchmarks/Blasted_Real/blasted_TR_b14_even_linear.cnf, 8809, 696, 0, 23571, 11236, 7048, 12335, 7682, 0, 0, 0, 0
Benchmarks/29.sk_3_45.cnf, 8866, 897, 10, 28737, 15057, 7500, 13662, 7919, 0, 0, 0, 0
Benchmarks/107.sk_3_90.cnf, 8948, 8030, 39, 2248, 1710, 875, 538, 688, 0, 0, 0, 0
Benchmarks/V3/s13207a_3_2.cnf, 9368, 3, 50, 20544, 17332, 9315, 3212, 4683, 0, 0, 0, 0
Benchmarks/V7/s13207a_7_4.cnf, 9386, 7, 50, 20612, 17344, 9322, 3268, 4700, 0, 0, 0, 0
Benchmarks/V15/s13207a_15_7.cnf, 9455, 15, 50, 20872, 17360, 9330, 3512, 4764, 0, 0, 0, 0
Benchmarks/isolateRightmost.sk_7_481.cnf, 10057, 698, 33, 34563, 12302, 7161, 22261, 9324, 0, 0, 0, 0
Benchmarks/17.sk_3_45.cnf, 10090, 3798, 9, 22082, 11951, 5785, 10121, 5811, 0, 0, 0, 0
Benchmarks/Blasted_Real/blasted_TR_b14_even2_linear.cnf, 10329, 784, 0, 27723, 13276, 8312, 14447, 9050, 0, 0, 0, 0
Benchmarks/81.sk_5_51.cnf, 10775, 1975, 11, 32323, 15613, 7729, 16623, 8655, 9, 30, 14, 46
Benchmarks/V3/s15850a_3_2.cnf, 10908, 3, 11, 24463, 20590, 10894, 3873, 5969, 0, 0, 0, 0
Benchmarks/V7/s15850a_7_4.cnf, 10926, 7, 11, 24531, 20602, 10901, 3929, 5983, 0, 0, 0, 0
Benchmarks/V15/s15850a_15_7.cnf, 10995, 15, 11, 24791, 20618, 10909, 4173, 6044, 0, 0, 0, 0
Benchmarks/FMEasy/uClinux-config.cnf, 11254, 6027, 0, 20254, 8785, 5227, 8818, 3981, 2302, 1869, 219, 310
Benchmarks/LoginService2.sk_23_36.cnf, 11511, 1289, 1, 38476, 23280, 9948, 14612, 9953, 101, 273, 103, 414
Benchmarks/sort.sk_8_52.cnf, 12125, 935, 1, 47366, 15694, 10174, 31532, 11171, 28, 105, 112, 455
Benchmarks/FMEasy/coreboot.cnf, 12268, 4702, 0, 39136, 21244, 7561, 4824, 2871, 12260, 6554, 439, 591
Benchmarks/parity.sk_11_11.cnf, 13116, 474, 1, 46302, 28582, 12038, 16791, 11962, 104, 343, 96, 411
Benchmarks/77.sk_3_44.cnf, 14535, 9778, 11, 17158, 8368, 4253, 8771, 4436, 16, 64, 0, 0
Benchmarks/FMEasy/buildroot.cnf, 14910, 6760, 12, 34221, 17471, 8121, 11933, 6342, 4011, 3184, 397, 652
Benchmarks/20.sk_1_51.cnf, 15475, 5338, 10, 35808, 18819, 9002, 16943, 9738, 0, 0, 17, 85
Benchmarks/84.sk_4_77.cnf, 15678, 15411, 42, 512, 407, 225, 105, 124, 0, 0, 0, 0
Benchmarks/enqueueSeqSK.sk_10_42.cnf, 16466, 1930, 1, 56079, 31042, 13664, 24456, 14333, 46, 184, 21, 105
Benchmarks/tutorial2.sk_3_4.cnf, 16726, 4571, 1, 73082, 17473, 5411, 55609, 12154, 0, 0, 0, 0
Benchmarks/V3/s35932_3_2.cnf, 17831, 3, 0, 44336, 32132, 17828, 12204, 16332, 0, 0, 0, 0
Benchmarks/V7/s35932_7_4.cnf, 17849, 7, 0, 44404, 32144, 17835, 12260, 16346, 0, 0, 0, 0
Benchmarks/V15/s35932_15_7.cnf, 17918, 15, 0, 44664, 32160, 17843, 12504, 16407, 0, 0, 0, 0
Benchmarks/110.sk_3_88.cnf, 18570, 4104, 20, 52214, 24975, 13070, 27230, 13673, 3, 12, 0, 0
Benchmarks/logcount.sk_16_86.cnf, 19126, 483, 1, 67186, 41429, 17473, 24809, 18641, 110, 305, 100, 356
Benchmarks/karatsuba.sk_7_41.cnf, 19594, 996, 1, 81048, 21416, 13949, 59632, 18429, 0, 0, 0, 0
Benchmarks/54.sk_12_97.cnf, 21726, 2540, 18, 66709, 37419, 17802, 29172, 18719, 41, 162, 35, 175
Benchmarks/V3/s38584_3_2.cnf, 23405, 3, 2, 57379, 43878, 23400, 13501, 20387, 0, 0, 0, 0
Benchmarks/V7/s38584_7_4.cnf, 23423, 7, 2, 57447, 43890, 23407, 13557, 20401, 0, 0, 0, 0
Benchmarks/V15/s38584_15_7.cnf, 23492, 15, 2, 57707, 43906, 23415, 13801, 20462, 0, 0, 0, 0
Benchmarks/FMEasy/freebsd-icse11.cnf, 1396, 4, 182, 2468, 1298, 919, 591, 430, 304, 265, 130, 141
Benchmarks/V3/s38417_3_2.cnf, 25528, 3, 140, 57569, 47724, 25385, 9845, 15735, 0, 0, 0, 0
Benchmarks/V7/s38417_7_4.cnf, 25546, 7, 140, 57637, 47736, 25392, 9901, 15751, 0, 0, 0, 0
Benchmarks/V15/s38417_15_7.cnf, 25615, 15, 140, 57897, 47752, 25400, 10145, 15815, 0, 0, 0, 0
Benchmarks/30.sk_5_76.cnf, 29621, 7101, 14, 82270, 40918, 20232, 41232, 21569, 26, 104, 22, 110
Benchmarks/signedAvg.sk_8_1020.cnf, 30335, 6557, 42, 85297, 42972, 21714, 41597, 23735, 17, 68, 711, 2937
Benchmarks/FMEasy/freetz.cnf, 31012, 14531, 0, 68262, 34822, 16481, 23308, 13554, 8029, 8141, 1273, 1555
Benchmarks/SetTest.sk_9_21.cnf, 33744, 33, 1, 148633, 37188, 21900, 111445, 33708, 0, 0, 0, 0
Benchmarks/xpose.sk_6_134.cnf, 35519, 1465, 1, 156840, 67525, 23992, 86857, 33784, 133, 336, 1006, 4961
Benchmarks/compress.sk_17_291.cnf, 44901, 1566, 1, 158503, 103956, 42480, 51343, 42929, 402, 1414, 361, 1531
Benchmarks/listReverse.sk_11_43.cnf, 53008, 2577, 1, 202304, 92696, 44980, 107557, 50260, 45, 174, 83, 397
Benchmarks/FMEasy/2.6.32-2var.cnf, 60072, 32995, 12, 157094, 57827, 26907, 65048, 12567, 19795, 9419, 6715, 6390
Benchmarks/FMEasy/2.6.33.3-2var.cnf, 62482, 34367, 12, 163302, 60460, 27930, 67063, 13009, 20555, 9790, 6893, 6667
Benchmarks/FMEasy/2.6.28.6-icse11.cnf, 6888, 146, 52, 26979, 20055, 6506, 2471, 1872, 1425, 1456, 1223, 1477
Benchmarks/lss.sk_6_7.cnf, 82362, 31976, 1, 203256, 66459, 34264, 135951, 38591, 202, 800, 194, 934
Benchmarks/FMEasy/embtoolkit.cnf, 23516, 6875, 1, 59990, 30408, 16619, 16349, 13648, 11762, 3689, 609, 574
Benchmarks/jburnim_morton.sk_13_530.cnf, 101241, 2731, 2, 374585, 266527, 96972, 102999, 98216, 321, 832, 300, 985
Benchmarks/reverse.sk_11_258.cnf, 75641, 397, 1, 379812, 258987, 68841, 116405, 75242, 249, 873, 304, 1163
Benchmarks/partition.sk_22_155.cnf, 151795, 20014, 1, 658821, 129022, 70723, 529106, 128944, 182, 357, 0, 0
Benchmarks/log2.sk_72_391.cnf, 185178, 4842, 1, 707345, 422047, 178051, 277184, 180223, 546, 1438, 567, 1751
Benchmarks/ConcreteRoleAffectationService.sk_119_273.cnf, 395951, 17591, 2, 1476998, 747749, 363590, 718320, 376922, 705, 1236, 457, 958
Benchmarks/tutorial3.sk_4_31.cnf, 486193, 17951, 1, 2579538, 230710, 130640, 2348828, 468240, 0, 0, 0, 0
Benchmarks/diagStencil.sk_35_36.cnf, 319730, 40075, 1, 1731825, 350645, 115349, 1381180, 279607, 0, 0, 0, 0
Benchmarks/diagStencilClean.sk_41_36.cnf, 378131, 47355, 1, 2059334, 425024, 138881, 1634310, 330743, 0, 0, 0, 0
